{"cameraMode":{"drawMode":0,"name":"Shaded","section":"Shading Mode"},"sceneLighting":false,"audioPlay":false,"sceneViewState":{"showFog":true,"showMaterialUpdate":false,"showSkybox":false,"showFlares":true,"showImageEffects":true,"showParticleSystems":true},"in2DMode":false,"pivot":{"x":-0.3123500347137451,"y":2.022700071334839,"z":0.0},"rotation":{"x":0.0012132012052461506,"y":-0.9942991733551025,"z":0.1066061332821846,"w":0.010723256506025792},"size":3.1143064498901369,"orthographic":false}